Title|Year|Rating|Age Limit|Genres|Country|Director|Budget|Fees|Description
Побег из Шоушенка|1994|9.3|16+|Epic,Period Drama,Prison Drama,Drama|United States|Frank Darabont|25000000|29333735|A banker convicted of uxoricide forms a friendship over a quarter century with a hardened convict, while maintaining his innocence and trying to remain hopeful through simple compassion.
Крёстный отец|1972|9.2|16+|Epic,Gangster,Tragedy,Crime,Drama|United States|Francis Ford Coppola|6000000|250342198|The aging patriarch of an organized crime dynasty transfers control of his clandestine empire to his reluctant son.
Тёмный рыцарь|2008|9.0|14+|Action Epic,Epic,Superhero,Tragedy,Action,Crime,Drama,Thriller|United States|Christopher Nolan|185000000|1009057329|When a menace known as the Joker wreaks havoc and chaos on the people of Gotham, Batman, James Gordon and Harvey Dent must work together to put an end to the madness.
Крёстный отец 2|1974|9.0|16+|Epic,Gangster,Tragedy,Crime,Drama|United States|Francis Ford Coppola|13000000|47983687|The early life and career of Vito Corleone in 1920s New York City is portrayed, while his son, Michael, expands and tightens his grip on the family crime syndicate.
12 рaзгневанных мужчин|1957|9.0|16+|Legal Drama,Psychological Drama,Crime,Drama|United States|Sidney Lumet|350000|2945|The jury in a New York City murder trial is frustrated by a single member whose skeptical caution forces them to more carefully consider the evidence before jumping to a hasty verdict.
Властелин колец: Возвращение короля|2003|9.0|12+|Action Epic,Adventure Epic,Epic,Fantasy Epic,Mountain Adventure,Quest,Sword & Sorcery,Tragedy,Adventure,Drama|New Zealand|Peter Jackson|94000000|1138585547|Gandalf and Aragorn lead the World of Men against Sauron's army to draw his gaze from Frodo and Sam as they approach Mount Doom with the One Ring.
Список Шиндлера|1993|9.0|16+|Docudrama,Epic,Historical Epic,Period Drama,Prison Drama,Tragedy,Biography,Drama,History|United States|Steven Spielberg|22000000|322161245|In German-occupied Poland during World War II, industrialist Oskar Schindler gradually becomes concerned for his Jewish workforce after witnessing their persecution by the Nazis.
Криминальное чтиво|1994|8.8|18+|Dark Comedy,Drug Crime,Gangster,Crime,Drama|United States|Quentin Tarantino|8000000|213928762|The lives of two mob hitmen, a boxer, a gangster and his wife, and a pair of diner bandits intertwine in four tales of violence and redemption.
Властелин колец: Братство кольца|2001|8.9|12+|Action Epic,Adventure Epic,Dark Fantasy,Epic,Fantasy Epic,Quest,Sword & Sorcery,Adventure,Drama,Fantasy|New Zealand|Peter Jackson|93000000|888483037|A meek Hobbit from the Shire and eight companions set out on a journey to destroy the powerful One Ring and save Middle-earth from the Dark Lord Sauron.
Хороший, плохой, злой|1966|8.8|12+|Action Epic,Adventure Epic,Dark Comedy,Desert Adventure,Epic,Period Drama,Quest,Spaghetti Western,Western Epic,Adventure|Italy|Sergio Leone|1200000|25266106|A bounty-hunting scam joins two men in an uneasy alliance against a third in a race to find a fortune in gold buried in a remote cemetery.
Форрест Гамп|1994|8.8|0+|Epic,Drama,Romance|United States|Robert Zemeckis|55000000|678226465|The history of the United States from the 1950s to the '70s unfolds from the perspective of an Alabama man with an IQ of 75, who yearns to be reunited with his childhood sweetheart.
Властелин колец: Две крепости|2002|8.8|12+|Action Epic,Adventure Epic,Dark Fantasy,Epic,Fantasy Epic,Quest,Sword & Sorcery,Adventure,Drama,Fantasy|New Zealand|Peter Jackson|94000000|938532865|While Frodo and Sam edge closer to Mordor with the help of the shifty Gollum, the divided fellowship makes a stand against Sauron's new ally, Saruman, and his hordes of Isengard.
Бойцовский клуб|1999|8.8|18+|Dark Comedy,Psychological Drama,Psychological Thriller,Workplace Drama,Crime,Drama,Thriller|United States|David Fincher|63000000|101321009|An insomniac office worker and a devil-may-care soap maker form an underground fight club that evolves into much more.
Начало|2010|8.8|12+|Action Epic,Adventure Epic,Epic,Psychological Thriller,Sci-Fi Epic,Action,Adventure,Sci-Fi,Thriller|United States|Christopher Nolan|160000000|839381898|A thief who steals corporate secrets through the use of dream-sharing technology is given the inverse task of planting an idea into the mind of a C.E.O., but his tragic past may doom the pro... Read all
Звёздные войны. Эпизод 5: Империя наносит ответный удар|1980|8.7|0+|Action Epic,Adventure Epic,Dark Fantasy,Dystopian Sci-Fi,Epic,Fantasy Epic,Quest,Sci-Fi Epic,Space Sci-Fi,Sword & Sorcery|United States|Irvin Kershner|18000000|550016086|After the Empire overpowers the Rebel Alliance, Luke Skywalker begins training with Jedi Master Yoda, while Darth Vader and bounty hunter Boba Fett pursue his friends across the galaxy.
Матрица|1999|8.7|16+|Action Epic,Artificial Intelligence,Cyberpunk,Dystopian Sci-Fi,Gun Fu,Martial Arts,Sci-Fi Epic,Action,Sci-Fi|United States|Lana Wachowski|63000000|467841735|When a beautiful stranger leads computer hacker Neo to a forbidding underworld, he discovers the shocking truth--the life he knows is the elaborate deception of an evil cyber-intelligence.
Славные парни|1990|8.7|16+|Docudrama,Gangster,True Crime,Biography,Crime,Drama|United States|Martin Scorsese|25000000|47068004|The story of Henry Hill and his life in the mafia, covering his relationship with his wife Karen and his mob partners Jimmy Conway and Tommy DeVito.
Интерстеллар|2014|8.7|12+|Adventure Epic,Epic,Psychological Drama,Quest,Sci-Fi Epic,Space Sci-Fi,Time Travel,Adventure,Drama,Sci-Fi|United States|Christopher Nolan|165000000|758690230|When Earth becomes uninhabitable in the future, a farmer and ex-NASA pilot, Joseph Cooper, is tasked to pilot a spacecraft, along with a team of researchers, to find a new planet for humans.
Пролетая над гнездом кукушки|1975|8.7|16+|Medical Drama,Psychological Drama,Drama|United States|Milos Forman|3000000|109116594|A rebellious convict is sent to a psychiatric hospital for evaluation in 1963 Oregon, and encourages his docile companions to take more control of their lives and defy the tyrannical head nu... Read all
Семь|1995|8.6|18+|Cop Drama,Hard-boiled Detective,Police Procedural,Psychological Drama,Psychological Thriller,Serial Killer,Tragedy,Crime,Drama,Mystery|United States|David Fincher|33000000|328983304|Two detectives, a rookie and a veteran, hunt a serial killer who uses the seven deadly sins as his motives.
Эта замечательная жизнь|1946|8.6|PG|Feel-Good Romance,Holiday Family,Holiday Romance,Psychological Drama,Supernatural Fantasy,Drama,Family,Fantasy,Holiday,Romance|United States|Frank Capra|3180000|10635461|An angel is sent from Heaven to help a desperately frustrated businessman by showing him what life would have been like if he had never existed.
Молчание ягнят|1991|8.6|18+|Police Procedural,Psychological Drama,Psychological Horror,Psychological Thriller,Serial Killer,Crime,Drama,Horror,Thriller|United States|Jonathan Demme|19000000|272742922|A young F.B.I. cadet must receive the help of an incarcerated and manipulative cannibal killer to help catch another serial killer, a madman who skins his victims.
Семь самураев|1954|8.6|Not Rated|Action Epic,Epic,Period Drama,Samurai,Action,Drama|Japan|Akira Kurosawa|125000000|1082148|Farmers from a village exploited by bandits hire a veteran samurai for protection, and he gathers six other samurai to join him.
Спасти рядового Райана|1998|8.6|18+|Epic,Period Drama,War Epic,Drama,War|United States|Steven Spielberg|70000000|482352390|Following the Normandy Landings, a group of U.S. soldiers go behind enemy lines to retrieve a paratrooper whose comrades have been killed in action.
Зелёная миля|1999|8.6|14+|Period Drama,Prison Drama,Supernatural Fantasy,Tragedy,Crime,Drama,Fantasy,Mystery|United States|Frank Darabont|60000000|286801374|A death row guard learns that a gentle giant in his charge possesses a mysterious gift.
Город Бога|2002|8.6|16+|Caper,Coming-of-Age,Gangster,Crime,Drama|Brazil|Fernando Meirelles|3300000|30681033|In the slums of Rio, two kids' paths diverge as one struggles to become a photographer and the other a kingpin.
Жизнь прекрасна|1997|8.6|0+|Period Drama,Psychological Drama,Romantic Comedy,Tragedy,Tragic Romance,Comedy,Drama,Romance,War|Italy|Roberto Benigni|15000000000|230099013|When an open-minded Jewish waiter and his son become victims of the Holocaust, he uses a perfect mixture of will, humor and imagination to protect his son from the dangers around their camp.
Терминатор 2: Судный день|1991|8.6|16+|Action Epic,Artificial Intelligence,Cyberpunk,Dystopian Sci-Fi,Sci-Fi Epic,Time Travel,Action,Adventure,Sci-Fi|United States|James Cameron|102000000|517778573|A cyborg, identical to the one who failed to kill Sarah Connor, must now protect her ten year old son John from an even more advanced and powerful cyborg.
Звёздные войны: Эпизод 4 - Новая надежда|1977|8.6|0+|Action Epic,Adventure Epic,Dystopian Sci-Fi,Epic,Fantasy Epic,Quest,Sci-Fi Epic,Space Sci-Fi,Sword & Sorcery,Action|United States|George Lucas|11000000|775398507|Luke Skywalker joins forces with a Jedi Knight, a cocky pilot, a Wookiee and two droids to save the galaxy from the Empire's world-destroying battle station, while also attempting to rescue ... Read all
Назад в будущее|1985|8.5|12+|High-Concept Comedy,Teen Adventure,Teen Comedy,Time Travel,Urban Adventure,Adventure,Comedy,Sci-Fi|United States|Robert Zemeckis|19000000|385053307|Marty McFly, a 17-year-old high school student, is accidentally sent 30 years into the past in a time-traveling DeLorean invented by his close friend, the maverick scientist Doc Brown.
Унесённые призраками|2001|8.6|12+|Anime,Coming-of-Age,Fairy Tale,Hand-Drawn Animation,Quest,Supernatural Fantasy,Adventure,Animation,Family,Fantasy|Japan|Hayao Miyazaki|19000000|359600098|During her family's move to the suburbs, a sullen 10-year-old girl wanders into a world ruled by gods, witches and spirits, and where humans are changed into beasts.
Пианист|2002|8.5|16+|Docudrama,Epic,Period Drama,Tragedy,War Epic,Biography,Drama,Music,War|France|Roman Polanski|35000000|120098945|During WWII, acclaimed Polish musician Wladyslaw faces various struggles as he loses contact with his family. As the situation worsens, he hides in the ruins of Warsaw in order to survive.
Гладиатор|2000|8.5|18+|Action Epic,Adventure Epic,Epic,Period Drama,Sword & Sandal,Action,Adventure,Drama|United States|Ridley Scott|103000000|465516248|A former Roman General sets out to exact vengeance against the corrupt emperor who murdered his family and sent him into slavery.
Паразиты|2019|8.5|18+|Dark Comedy,Psychological Drama,Psychological Thriller,Tragedy,Drama,Thriller|South Korea|Bong Joon Ho|11400000|262616458|Greed and class discrimination threaten the newly formed symbiotic relationship between the wealthy Park family and the destitute Kim clan.
Психо|1960|8.5|16+|Dark Comedy,Psychological Horror,Psychological Thriller,Slasher Horror,Suspense Mystery,Drama,Horror,Mystery,Thriller|United States|Alfred Hitchcock|806947|32253563|A secretary on the run for embezzlement takes refuge at a secluded California motel owned by a repressed man and his overbearing mother.
Король лев|1994|8.5|0+|Animal Adventure,Coming-of-Age,Hand-Drawn Animation,Jungle Adventure,Adventure,Animation,Drama,Family,Musical|United States|Roger Allers|45000000|979161373|Lion prince Simba and his father are targeted by his bitter uncle, who wants to ascend the throne himself.
Могила светлячков|1988|8.5|12+|Adult Animation,Anime,Hand-Drawn Animation,Period Drama,Tragedy,Animation,Drama,War|Japan|Isao Takahata|3700000|842132|A young boy and his little sister struggle to survive in Japan during World War II.
Отступники|2006|8.5|16+|Cop Drama,Epic,Gangster,Crime,Drama,Thriller|United States|Martin Scorsese|90000000|291481358|An undercover cop and a mole in the police attempt to identify each other while infiltrating an Irish gang in South Boston.
Одержимость|2014|8.5|16+|Psychological Drama,Drama,Music|United States|Damien Chazelle|3300000|50360880|A promising young drummer enrolls at a cut-throat music conservatory where his dreams of greatness are mentored by an instructor who will stop at nothing to realize a student's potential.
Харакири|1962|8.6|Not Rated|Period Drama,Drama,Mystery|Japan|Masaki Kobayashi|0|15222|When a ronin requesting seppuku at a feudal lord's palace is told of the brutal suicide of another ronin who previously visited, he reveals how their pasts are intertwined - and in doing so ... Read all
Престиж|2006|8.5|12+|Period Drama,Steampunk,Tragedy,Drama,Mystery,Sci-Fi,Thriller|United Kingdom|Christopher Nolan|40000000|109676311|Rival 19th-century magicians engage in a bitter battle for trade secrets.
Американская история Икс|1998|8.5|16+|Prison Drama,Psychological Drama,Tragedy,Crime,Drama|United States|Tony Kaye|20000000|23875714|Living a life marked by violence, neo-Nazi Derek finally goes to prison after killing two black youths. Upon his release, Derek vows to change; he hopes to prevent his brother, Danny, who id... Read all
Леон|1994|8.5|16+|Gangster,One-Person Army Action,Action,Crime,Drama,Thriller|France|Luc Besson|16000000|20330788|An Italian hit man protects a New York orphan.
Человек-паук: Паутина вселенных|2023|8.5|6+|Computer Animation,Superhero,Supernatural Fantasy,Teen Adventure,Urban Adventure,Action,Adventure,Animation,Family,Fantasy|United States|Joaquim Dos Santos|100000000|690824738|Traveling across the multiverse, Miles Morales meets a new team of Spider-People, made up of heroes from different dimensions. But when the heroes clash over how to deal with a new threat, M... Read all
Касабланка|1942|8.5|6+|Psychological Drama,Drama,Romance,War|United States|Michael Curtiz|950000|4731471|A cynical expatriate American cafe owner struggles to decide whether or not to help his former lover and her fugitive husband escape the Nazis in French Morocco.
Подозрительные лица|1995|8.5|16+|Caper,Gangster,Heist,Psychological Drama,Psychological Thriller,Suspense Mystery,Whodunnit,Crime,Drama,Mystery|United States|Bryan Singer|6000000|23341568|The sole survivor of a pier shoot-out tells the story of how a notorious criminal influenced the events that began with five criminals meeting in a seemingly random police lineup.
Новый кинотеатр «Парадизо»|1988|8.5|16+|Coming-of-Age,Drama,Romance|Italy|Giuseppe Tornatore|5000000|13443141|Salvatore, a famous film director, returns to his hometown for the funeral of the local theater's film projectionist, Alfredo. He reminisces about his life as a young boy falling in love wit... Read all
1+1|2011|8.5|14+|Buddy Comedy,Docudrama,Comedy,Drama|France|Olivier Nakache|9500000|426590315|After he becomes a quadriplegic from a paragliding accident, an aristocrat hires a young man from the projects to be his caregiver.
Чужой|1979|8.5|18+|Alien Invasion,Body Horror,Cyberpunk,Monster Horror,Space Sci-Fi,Tragedy,Horror,Sci-Fi|United Kingdom|Ridley Scott|11000000|109102567|After investigating a mysterious transmission of unknown origin, the crew of a commercial spacecraft encounters a deadly lifeform.
Новые времена|1936|8.5|0+|Romantic Comedy,Satire,Slapstick,Comedy,Drama,Romance|United States|Charles Chaplin|1500000|463618|The Tramp struggles to live in modern industrial society with the help of a young homeless woman.
Окно во двор|1954|8.5|12+|Psychological Thriller,Suspense Mystery,Drama,Mystery,Thriller|United States|Alfred Hitchcock|1000000|37905475|A bored photographer recovering from a broken leg passes the time by watching his neighbors and begins to suspect one of them of murder.
Однажды на Диком Западе|1968|8.5|PG-13|Adventure Epic,Desert Adventure,Epic,Period Drama,Quest,Spaghetti Western,Western Epic,Drama,Western|Italy|Sergio Leone|5000000|5435312|A mysterious stranger with a harmonica joins forces with a notorious desperado to protect a beautiful widow from a ruthless assassin working for the railroad.
Джанго освобождённый|2012|8.5|18+|Dark Comedy,Epic,One-Person Army Action,Period Drama,Western Epic,Drama,Western|United States|Quentin Tarantino|100000000|426076293|With the help of a German bounty-hunter, a freed slave sets out to rescue his wife from a brutal plantation owner in Mississippi.
Огни большого города|1931|8.5|G|Feel-Good Romance,Romantic Comedy,Satire,Slapstick,Comedy,Drama,Romance|United States|Charles Chaplin|1500000|55154|With the aid of a wealthy erratic tippler, a dewy-eyed tramp who has fallen in love with a sightless flower girl accumulates money to be able to help her medically.
Апокалипсис сегодня|1979|8.4|18+|Adventure Epic,Epic,Hard-boiled Detective,Psychological Drama,Quest,Suspense Mystery,War Epic,Drama,Mystery,War|United States|Francis Ford Coppola|31500000|105150841|A U.S. Army officer serving in Vietnam is tasked with assassinating a renegade Special Forces Colonel who sees himself as a god.
ВАЛЛ·И|2008|8.4|0+|Adventure Epic,Artificial Intelligence,Computer Animation,Dystopian Sci-Fi,Psychological Drama,Space Sci-Fi,Adventure,Animation,Family,Sci-Fi|United States|Andrew Stanton|180000000|527403656|A robot who is responsible for cleaning a waste-covered Earth meets another robot and falls in love with her. Together, they set out on a journey that will alter the fate of mankind.
Помни|2000|8.4|18+|Psychological Thriller,Suspense Mystery,Drama,Mystery,Thriller|United States|Christopher Nolan|9000000|40060108|A former insurance investigator who now suffers from anterograde amnesia uses notes and tattoos to hunt down his wife's murderer.
Дюна: Часть вторая|2024|8.5|16+|Action Epic,Desert Adventure,Epic,Sci-Fi Epic,Space Sci-Fi,Action,Adventure,Drama,Sci-Fi|United States|Denis Villeneuve|190000000|714844358|Paul Atreides unites with the Fremen while on a warpath of revenge against the conspirators who destroyed his family. Facing a choice between the love of his life and the fate of the univers... Read all
Индиана Джонс: В поисках утраченного ковчега|1981|8.4|0+|Adventure Epic,Desert Adventure,Globetrotting Adventure,Quest,Action,Adventure|United States|Steven Spielberg|18000000|389925971|In 1936, archaeologist Indiana Jones is tasked by Army Intelligence to help locate a legendary ancient power, the Ark of Covenant, before the Nazis get it first.
Мстители: Война бесконечности|2018|8.4|16+|Space Sci-Fi,Superhero,Action,Adventure,Sci-Fi|United States|Anthony Russo|321000000|2052415039|The Avengers and their allies must be willing to sacrifice all in an attempt to defeat the powerful Thanos before his blitz of devastation and ruin puts an end to the universe.
Жизнь других|2006|8.4|16+|Political Thriller,Psychological Drama,Spy,Drama,Mystery,Thriller|Germany|Florian Henckel von Donnersmarck|2000000|77672685|In 1984 East Berlin, an agent of the secret police conducting surveillance on a writer and his lover finds himself becoming increasingly absorbed by their lives.
Сансет бульвар|1950|8.4|Approved|Dark Comedy,Film Noir,Psychological Drama,Showbiz Drama,Tragedy,Drama|United States|Billy Wilder|1752000|310954|A screenwriter develops a dangerous relationship with a faded film star determined to make a triumphant return.
Человек-паук: Через Вселенные|2018|8.4|6+|Coming-of-Age,Computer Animation,Quirky Comedy,Superhero,Supernatural Fantasy,Teen Adventure,Teen Comedy,Teen Drama,Urban Adventure,Action|Canada|Bob Persichetti|90000000|393602435|Teen Miles Morales becomes the Spider-Man of his universe and must join with five spider-powered individuals from other dimensions to stop a threat for all realities.
Свидетель обвинения|1957|8.4|Approved|Legal Drama,Legal Thriller,Whodunnit,Crime,Drama,Mystery,Thriller|United States|Billy Wilder|3000000|7903|A veteran British barrister must defend his client in a murder trial that has surprise after surprise.
Тропы славы|1957|8.4|Approved|Epic,Legal Drama,Period Drama,Political Drama,Psychological Drama,Tragedy,War Epic,Drama,War|United States|Stanley Kubrick|935000|8290|A colonel defends three of his soldiers in a court-martial after they abandon a suicidal attack.
Сияние|1980|8.4|18+|Psychological Drama,Psychological Horror,Supernatural Horror,Drama,Horror|United Kingdom|Stanley Kubrick|19000000|47969816|A family heads to an isolated hotel for the winter, where a sinister presence influences the father into violence. At the same time, his psychic son sees horrifying forebodings from both the... Read all
Великий диктатор|1940|8.4|0+|Dark Comedy,Parody,Political Drama,Satire,Slapstick,Comedy,Drama,War|United States|Charles Chaplin|2000000|972212|Dictator Adenoid Hynkel tries to expand his empire while a poor Jewish barber tries to avoid persecution from Hynkel's regime.
12-я неудача|2023|8.7||Docudrama,Biography,Drama|India|Vidhu Vinod Chopra|0|138288|The real-life story of IPS Officer Manoj Kumar Sharma and IRS Officer Shraddha Joshi.
Бесславные ублюдки|2009|8.4|18+|Dark Comedy,Period Drama,Adventure,Drama,War|United States|Quentin Tarantino|70000000|321460744|In Nazi-occupied France during World War II, a plan to assassinate Nazi leaders by a group of Jewish U.S. soldiers coincides with a theatre owner's vengeful plans for the same.
Чужой 2|1986|8.4|16+|Alien Invasion,Cyberpunk,Monster Horror,Space Sci-Fi,Survival,Tragedy,Action,Adventure,Horror,Sci-Fi|United Kingdom|James Cameron|18500000|131060248|Decades after surviving the Nostromo incident, Ellen Ripley is sent out to re-establish contact with a terraforming colony but finds herself battling the Alien Queen and her offspring.
Тёмный рыцарь: Возрождение легенды|2012|8.4|12+|Action Epic,Epic,Superhero,Action,Crime,Drama,Thriller|United States|Christopher Nolan|250000000|1114976407|Bane, an imposing terrorist, attacks Gotham City and disrupts its eight-year-long period of peace. This forces Bruce Wayne to come out of hiding and don the cape and cowl of Batman again.
Тайна Коко|2017|8.4|12+|Computer Animation,Dark Comedy,Supernatural Fantasy,Adventure,Animation,Drama,Family,Fantasy,Music,Mystery|United States|Lee Unkrich|175000000|814641172|Aspiring musician Miguel, confronted with his family's ancestral ban on music, enters the Land of the Dead to find his great-great-grandfather, a legendary singer.
Амадей|1984|8.4|PG|Costume Drama,Epic,Period Drama,Tragedy,Biography,Drama,Music|United States|Milos Forman|18000000|52205710|The life and work of Wolfgang Amadeus Mozart seen through the eyes of his contemporary and rival, Antonio Salieri.
Мстители: Финал|2019|8.4|16+|Space Sci-Fi,Superhero,Time Travel,Tragedy,Action,Adventure,Sci-Fi|United States|Anthony Russo|356000000|2799439100|After the devastating events of Мстители: Война бесконечности (2018), the universe is in ruins. With the help of remaining allies, the Avengers assemble once more in order to reverse Thanos'... Read all
История игрушек|1995|8.3|6+|Buddy Comedy,Computer Animation,Supernatural Fantasy,Urban Adventure,Adventure,Animation,Comedy,Family,Fantasy|United States|John Lasseter|30000000|394436586|A cowboy doll is profoundly jealous when a new spaceman action figure supplants him as the top toy in a boy's bedroom. When circumstances separate them from their owner, the duo have to put ... Read all
Умница Уилл Хантинг|1997|8.3|16+|Coming-of-Age,Psychological Drama,Drama,Romance|United States|Gus Van Sant|10000000|225933435|A therapist counsels Will Hunting, a janitor with a genius IQ.
Доктор Стрейнджлав, или Как я научился не волноваться и полюбил атомную бомбу|1964|8.3|PG|Dark Comedy,Farce,Political Drama,Quirky Comedy,Satire,Tragedy,Comedy,War|United Kingdom|Stanley Kubrick|1800000|9631984|A mentally unstable American general orders a hydrogen bomb attack on the Soviet Union, triggering a path to global nuclear holocaust that a war room full of politicians and generals frantic... Read all
Олдбой|2003|8.3|18+|Dark Comedy,One-Person Army Action,Psychological Drama,Psychological Thriller,Action,Drama,Mystery,Thriller|South Korea|Park Chan-wook|3000000|17617021|After being kidnapped and imprisoned for fifteen years, Oh Dae-Su is released, only to find that he must track down his captor in five days.
Подводная лодка|1981|8.4||Epic,War Epic,Drama,War|West Germany|Wolfgang Petersen|32000000|11489051|A German U-boat stalks the frigid waters of the North Atlantic as its young crew experience the sheer terror and claustrophobic life of a submariner in World War II.
Храброе сердце|1995|8.3|16+|Action Epic,Costume Drama,Epic,Period Drama,War Epic,Biography,Drama,War|United States|Mel Gibson|72000000|213216216|Scottish warrior William Wallace leads his countrymen in a rebellion to free his homeland from the tyranny of King Edward I of England.
Рай и ад|1963|8.4|Not Rated|Police Procedural,Crime,Drama,Mystery,Thriller|Japan|Akira Kurosawa|230000000|64503|An executive of a Yokohama shoe company becomes a victim of extortion when his chauffeur's son is kidnapped by mistake and held for ransom.
Красота по-американски|1999|8.3|16+|Psychological Drama,Tragedy,Drama|United States|Sam Mendes|15000000|356296601|A sexually frustrated suburban father has a mid-life crisis after becoming infatuated with his daughter's best friend.
Принцесса Мононоке|1997|8.3|12+|Action Epic,Adult Animation,Adventure Epic,Anime,Dark Fantasy,Fantasy Epic,Hand-Drawn Animation,Quest,Adventure,Animation|Japan|Hayao Miyazaki|2400000000|177646073|While seeking to cure himself of a curse, young warrior Ashitaka stumbles into a conflict between the people of Iron Town and Princess Mononoke, a girl raised by wolves, who will stop at not... Read all
Твоё имя|2016|8.4|12+|Anime,Hand-Drawn Animation,Psychological Drama,Shōjo,Animation,Drama,Fantasy,Romance|Japan|Makoto Shinkai|370000000|405340703|Two teenagers share a profound, magical connection upon discovering they are swapping bodies. Things manage to become even more complicated when the boy and girl decide to meet in person.
Три идиота|2009|8.4|16+|Buddy Comedy,Coming-of-Age,Quirky Comedy,Satire,Comedy,Drama|India|Rajkumar Hirani|550000000|60262836|Two friends are searching for their long lost companion. They revisit their college days and recall the memories of their friend who inspired them to think differently, even as the rest of t... Read all
Джокер|2019|8.3|18+|Psychological Drama,Psychological Thriller,Tragedy,Crime,Drama,Thriller|United States|Todd Phillips|55000000|1078958629|Arthur Fleck, a party clown and a failed stand-up comedian, leads an impoverished life with his ailing mother. However, when society shuns him and brands him as a freak, he decides to embrac... Read all
Капернаум|2018|8.4|18+|Coming-of-Age,Legal Drama,Psychological Drama,Drama|Lebanon|Nadine Labaki|4000000|64417003|While serving a five-year sentence for a violent crime, a 12-year-old boy sues his parents for neglect.
Однажды в Америке|1984|8.3|16+|Dark Comedy,Epic,Gangster,Period Drama,Crime,Drama|Italy|Sergio Leone|30000000|5476126|A former Prohibition-era Jewish gangster returns to the Lower East Side of Manhattan 35 years later, where he must once again confront the ghosts and regrets of his old life.
Поющие под дождём|1952|8.3|G|Classic Musical,Feel-Good Romance,Jukebox Musical,Romantic Comedy,Satire,Comedy,Musical,Romance|United States|Stanley Donen|2540800|2096442|A silent film star falls for a chorus girl just as he and his delusionally jealous screen partner are trying to make the difficult transition to talking pictures in 1920s Hollywood.
Иди и смотри|1985|8.3|16+|Epic,Period Drama,Psychological Drama,Tragedy,War Epic,Drama,Thriller,War|Soviet Union|Elem Klimov|0|20929648|After finding an old rifle, a young boy joins the Soviet resistance movement against ruthless German forces and experiences the horrors of World War II.
Реквием по мечте|2000|8.3|18+|Psychological Drama,Tragedy,Drama|United States|Darren Aronofsky|4500000|7391471|The drug-induced utopias of four Coney Island people are shattered when their addictions run deep.
Звёздные войны. Эпизод 6: Возвращение джедая|1983|8.3|0+|Action Epic,Adventure Epic,Dark Fantasy,Dystopian Sci-Fi,Epic,Fantasy Epic,Globetrotting Adventure,Quest,Sci-Fi Epic,Space Sci-Fi|United States|Richard Marquand|32500000|482466382|After rescuing Han Solo from Jabba the Hutt, the Rebel Alliance attempts to destroy the second Death Star while Luke struggles to help Darth Vader back from the dark side.
История игрушек: Большой побег|2010|8.3|0+|Computer Animation,Supernatural Fantasy,Urban Adventure,Adventure,Animation,Comedy,Family,Fantasy|United States|Lee Unkrich|200000000|1067316101|The toys are mistakenly delivered to a day-care center instead of the attic right before Andy leaves for college, and it's up to Woody to convince the other toys that they weren't abandoned ... Read all
Охота|2012|8.3|16+|Psychological Drama,Tragedy,Drama|Denmark|Thomas Vinterberg|20000000|15886373|A teacher lives a lonely life, all the while struggling over his son's custody. His life slowly gets better as he finds love and receives good news from his son, but his new luck is about to... Read all
Жить|1952|8.3|Not Rated|Psychological Drama,Tragedy,Drama|Japan|Akira Kurosawa|0|114026|A bureaucrat tries to find meaning in his life after he discovers he has terminal cancer.
Вечное сияние чистого разума|2004|8.3|16+|Dark Romance,Psychological Drama,Drama,Romance,Sci-Fi|United States|Michel Gondry|20000000|73384095|When their relationship turns sour, a couple undergoes a medical procedure to have each other erased from their memories forever.
Пожары|2010|8.3|16+|Suspense Mystery,Drama,Mystery,War|Canada|Denis Villeneuve|6800000|6804715|Twins journey to the Middle East to discover their family history and fulfill their mother's last wishes.
2001 год: Космическая одиссея|1968|8.3|12+|Adventure Epic,Artificial Intelligence,Epic,Psychological Drama,Sci-Fi Epic,Space Sci-Fi,Adventure,Sci-Fi|United Kingdom|Stanley Kubrick|12000000|66899162|When a mysterious artifact is uncovered on the Moon, a spacecraft manned by two humans and one supercomputer is sent to Jupiter to find its origins.
Квартира|1960|8.3|Approved|Dark Comedy,Farce,Feel-Good Romance,Holiday Comedy,Holiday Romance,Quirky Comedy,Romantic Comedy,Satire,Workplace Drama,Comedy|United States|Billy Wilder|3000000|18783770|A Manhattan insurance clerk tries to rise in his company by letting its executives use his apartment for trysts, but office politics and his own romantic hopes complicate matters.
Лоуренс Аравийский|1962|8.3|PG|Adventure Epic,Desert Adventure,Epic,Tragedy,War Epic,Adventure,Biography,Drama,War|United Kingdom|David Lean|15000000|45874235|The story of T.E. Lawrence, the English officer who successfully united and led the diverse, often warring, Arab tribes during World War I in order to fight the Turks.
Бешеные псы|1992|8.3|18+|Gangster,Heist,Crime,Thriller|United States|Quentin Tarantino|1200000|2932006|When a simple jewelry heist goes horribly wrong, the surviving criminals begin to suspect that one of them is a police informant.
Лицо со шрамом|1983|8.3|18+|Drug Crime,Epic,Gangster,Tragedy,Crime,Drama|United States|Brian De Palma|50000000|66443303|In the 1980s, a determined criminal-minded Cuban immigrant becomes the biggest drug smuggler in Miami, and is eventually undone by his own drug addiction.
Схватка|1995|8.3|16+|Action Epic,Cop Drama,Epic,Gangster,Heist,Action,Crime,Drama|United States|Michael Mann|60000000|187436818|A group of high-end professional thieves start to feel the heat from the LAPD when they unknowingly leave a verbal clue at their latest heist.
Двойная страховка|1944|8.3|Approved|Film Noir,Hard-boiled Detective,Crime,Drama,Mystery,Thriller|United States|Billy Wilder|927262|21026|An insurance representative is seduced by a dissatisfied housewife into a scheme of insurance fraud and murder that arouses the suspicion of his colleague, a claims investigator.
На север через северо-запад|1959|8.3|12+|Spy,Adventure,Drama,Mystery,Thriller|United States|Alfred Hitchcock|3101000|197920|A New York City advertising executive goes on the run after being mistaken for a government agent by a group of foreign spies, and falls for a woman whose loyalties he begins to doubt.
Вверх|2009|8.3|0+|Buddy Comedy,Coming-of-Age,Computer Animation,Globetrotting Adventure,Quest,Adventure,Animation,Comedy,Drama,Family|United States|Pete Docter|175000000|735103954|78-year-old Carl Fredricksen travels to South America in his house equipped with balloons, inadvertently taking a young stowaway.
Гражданин Кейн|1941|8.3|12+|Epic,Period Drama,Tragedy,Drama,Mystery|United States|Orson Welles|839727|1711106|Following the death of publishing tycoon Charles Foster Kane, reporters scramble to uncover the meaning of his final utterance: 'Rosebud.'
М убийца|1931|8.3|18+|Psychological Thriller,Serial Killer,Suspense Mystery,Crime,Mystery,Thriller|Germany|Fritz Lang|0|35566|When the police in a German city are unable to catch a child-murderer, other criminals join in the manhunt.
Цельнометаллическая оболочка|1987|8.2|18+|Dark Comedy,Period Drama,Psychological Drama,Drama,War|United Kingdom|Stanley Kubrick|30000000|50193748|A pragmatic U.S. Marine observes the dehumanizing effects the Vietnam War has on his fellow recruits from their brutal boot camp training to the bloody street fighting in Hue.
Головокружение|1958|8.2|16+|Psychological Thriller,Suspense Mystery,Tragedy,Mystery,Romance,Thriller|United States|Alfred Hitchcock|2479000|7974114|A former San Francisco police detective juggles wrestling with his personal demons and becoming obsessed with the hauntingly beautiful woman he has been hired to trail, who may be deeply dis... Read all
Амели|2001|8.3|12+|Feel-Good Romance,Quirky Comedy,Romantic Comedy,Comedy,Romance|France|Jean-Pierre Jeunet|10000000|175183052|Despite being caught in her imaginative world, young waitress Amelie decides to help people find happiness. Her quest to spread joy leads her on a journey during which she finds true love.
Звёздочки на земле|2007|8.3|0+|Coming-of-Age,Drama,Family|India|Aamir Khan|0|21897373|A young boy is thought to be nothing but a lazy troublemaker until the new art teacher has the patience and compassion to discover the real problem behind his struggles in school.
Возмутительный класс не прошёл экзамен|1975|8.7||Satire,Comedy|Turkey|Ertem Egilmez|0|0|A young and beautiful female teacher starts working in an all boys high school.
Развод Надера и Симин|2011|8.3|PG-13|Legal Drama,Psychological Drama,Drama|Iran|Asghar Farhadi|500000|22926076|A married couple are faced with a difficult decision - to improve the life of their child by moving to another country or to stay in Iran and look after a deteriorating parent who has Alzhei... Read all
Убить пересмешника|1962|8.3|Approved|Legal Drama,Period Drama,Crime,Drama|United States|Robert Mulligan|2000000|602810|A widowed lawyer in Depression-era Alabama defends a black man against a false rape charge while teaching his young children about the sad reality of prejudice.
Крепкий орешек|1988|8.2|16+|Disaster,One-Person Army Action,Action,Holiday,Thriller|United States|John McTiernan|28000000|143651650|A New York City cop, John McClane, tries to save his estranged wife and several others taken hostage by terrorists during a Christmas Eve party at the Nakatomi Plaza Skyscraper in Los Angele... Read all
Индиана Джонс и последний крестовый поход|1989|8.2|0+|Adventure Epic,Desert Adventure,Globetrotting Adventure,Quest,Action,Adventure|United States|Steven Spielberg|48000000|474171806|In 1938, after his father goes missing while pursuing the Holy Grail, Indiana Jones finds himself up against the Nazis again to stop them from obtaining its powers.
Заводной апельсин|1971|8.2|18+|Dark Comedy,Dystopian Sci-Fi,Crime,Sci-Fi|United Kingdom|Stanley Kubrick|2200000|27034174|Alex DeLarge and his droogs barbarize a decaying near-future.
Афера|1973|8.2|0+|Caper,Comedy,Crime,Drama|United States|George Roy Hill|5500000|156000000|Two grifters team up to pull off the ultimate con.
Метрополис|1927|8.3|12+|Dystopian Sci-Fi,Epic,Sci-Fi Epic,Steampunk,Drama,Sci-Fi|Germany|Fritz Lang|6000000|1351009|In a futuristic city sharply divided between the working class and the city planners, the son of the city's mastermind falls in love with a working-class prophet who predicts the coming of a... Read all
Оппенгеймер|2023|8.3|16+|Docudrama,Epic,Historical Epic,Period Drama,Psychological Drama,Biography,Drama,History|United States|Christopher Nolan|100000000|975811333|A dramatization of the life story of J. Robert Oppenheimer, the physicist who had a large hand in the development of the atomic bombs that brought an end to World War II.
Большой куш|2000|8.2|16+|Caper,Dark Comedy,Gangster,Comedy,Crime|United Kingdom|Guy Ritchie|6000000|83558617|Unscrupulous boxing promoters, violent bookmakers, a Russian gangster, incompetent amateur robbers and supposedly Jewish jewelers fight to track down a priceless stolen diamond.
1917|2019|8.2|16+|Epic,Period Drama,War Epic,Action,Drama,War|United Kingdom|Sam Mendes|95000000|446064352|April 6th, 1917. As an infantry battalion assembles to wage war deep in enemy territory, two soldiers are assigned to race against time and deliver a message that will stop 1,600 men from wa... Read all
Секреты Лос-Анджелеса|1997|8.2|16+|Conspiracy Thriller,Cop Drama,Hard-boiled Detective,Period Drama,Police Procedural,Suspense Mystery,Whodunnit,Crime,Drama,Mystery|United States|Curtis Hanson|35000000|126216940|As corruption grows in 1950s Los Angeles, three policemen - one strait-laced, one brutal, and one sleazy - investigate a series of murders with their own brand of justice.
Похитители велосипедов|1948|8.2|Not Rated|Psychological Drama,Quest,Tragedy,Drama,Financial Drama|Italy|Vittorio De Sica|133000|451643|In post-war Italy, a working-class man's bicycle is stolen, endangering his efforts to find work. He and his son set out to find it.
Бункер|2004|8.2|12+|Docudrama,Political Drama,Tragedy,Biography,Drama,History,War|Germany|Oliver Hirschbiegel|13500000|92181574|Traudl Junge, the final secretary for Adolf Hitler, tells of the Nazi dictator's final days in his Berlin bunker at the end of WWII.
Дангал. Слово борца|2016|8.3|Not Rated|Coming-of-Age,Martial Arts,Action,Biography,Drama,Sport|India|Nitesh Tiwari|700000000|303726694|Mahavir Singh Phogat, a former wrestler, decides to fulfill his dream of winning a gold medal for his country by training his daughters for the Commonwealth Games despite the existing social... Read all
Волк с Уолл-стрит|2013|8.2|18+|Dark Comedy,Docudrama,Epic,Raunchy Comedy,Satire,True Crime,Biography,Comedy,Crime,Drama|United States|Martin Scorsese|100000000|407039432|Based on the true story of Jordan Belfort, from his rise to a wealthy stock-broker living the high life to his fall involving crime, corruption and the federal government.
Гамильтон|2020|8.3|16+|Epic,Historical Epic,Biography,Drama,History,Musical|United States|Thomas Kail|0|0|The real life of one of America's foremost founding fathers and first Secretary of the Treasury, Alexander Hamilton. Captured live on Broadway from the Richard Rodgers Theater with the origi... Read all
Зеленая книга|2018|8.2|16+|Docudrama,Period Drama,Road Trip,Biography,Comedy,Drama,Holiday,Music|China|Peter Farrelly|23000000|321752656|A working-class Italian-American bouncer becomes the driver for an African-American classical pianist on a tour of venues through the 1960s American South.
Таксист|1976|8.2|18+|Psychological Drama,Crime,Drama|United States|Martin Scorsese|1300000|28737520|A mentally unstable veteran works as a nighttime taxi driver in New York City, where the perceived decadence and sleaze fuels his urge for violent action.
Бэтмен: Начало|2005|8.2|12+|Action Epic,Epic,Superhero,Tragedy,Action,Crime,Drama,Thriller|United States|Christopher Nolan|150000000|375406308|After witnessing his parents' death, billionaire Bruce Wayne learns the art of fighting to confront injustice. When he returns to Gotham as Batman, he must stop a secret society that intends... Read all
Шоу Трумана|1998|8.2|0+|Dark Comedy,High-Concept Comedy,Psychological Drama,Satire,Showbiz Drama,Comedy,Drama|United States|Peter Weir|60000000|264118712|An insurance salesman begins to suspect that his whole life is actually some sort of reality TV show.
На несколько долларов больше|1965|8.2|14+|One-Person Army Action,Period Drama,Quest,Spaghetti Western,Drama,Western|Italy|Sergio Leone|600000|15000000|Two bounty killers with similar intentions but different motivations team up to track down a psychotic Mexican outlaw before he and his gang can carry out an audacious bank robbery.
Нюрнбергский процесс|1961|8.3|Approved|Legal Drama,Drama,War|United States|Stanley Kramer|3000000|12180|Fictionalized depiction of the 1947 Judges' Trial, the third of 12 trials of Nazi war criminals conducted by the American occupying forces in Nuremberg, Germany, in which former judges of Na... Read all
В джазе только девушки|1959|8.2|12+|Buddy Comedy,Farce,Romantic Comedy,Satire,Screwball Comedy,Comedy,Music,Romance|United States|Billy Wilder|2883848|208786|After two male musicians witness a mob hit, they flee the state in an all-female band disguised as women, but further complications set in.
Остров проклятых|2010|8.2|16+|Psychological Thriller,Suspense Mystery,Drama,Mystery,Thriller|United States|Martin Scorsese|80000000|294978537|Two US marshals are sent to a mental institution on an inhospitable island in order to investigate the disappearance of a patient.
Малыш|1921|8.2|Passed|Buddy Comedy,Farce,Slapstick,Comedy,Drama,Family|United States|Charles Chaplin|250000|44115|The Tramp cares for an abandoned child, but events put their relationship in jeopardy.
Отец|2020|8.2|16+|Psychological Drama,Drama,Mystery|United Kingdom|Florian Zeller|6000000|24048935|A man refuses all assistance from his daughter as he ages. When he tries to understand what is happening around him, he begins to doubt his loved ones, his own mind and even the fabric of hi... Read all
Парк юрского периода|1993|8.2|6+|Dinosaur Adventure,Jungle Adventure,Action,Adventure,Sci-Fi,Thriller|United States|Steven Spielberg|63000000|1104379926|An industrialist invites some experts to visit his theme park of cloned dinosaurs. After a power failure, the creatures run loose, putting everyone's lives, including his grandchildren's, in... Read all
Всё о Еве|1950|8.2|Approved|Showbiz Drama,Drama|United States|Joseph L. Mankiewicz|1400000|154974|A seemingly timid but secretly ruthless ingénue insinuates herself into the lives of an aging Broadway star and her circle of theater friends.
Нефть|2007|8.2|16+|Epic,Period Drama,Psychological Drama,Tragedy,Drama|United States|Paul Thomas Anderson|25000000|76430381|A story of family, religion, hatred, oil and madness, focusing on a turn-of-the-century prospector in the early days of the business.
Шестое чувство|1999|8.2|12+|Psychological Drama,Psychological Thriller,Suspense Mystery,Drama,Mystery,Thriller|United States|M. Night Shyamalan|40000000|672806432|After being shot by a resentful former patient whom he failed to help, a Philadelphia child psychologist seeks redemption by treating a young boy with a disturbing secret.
Ран|1985|8.2|R|Epic,Period Drama,Samurai,Tragedy,War Epic,Action,Drama,War|Japan|Akira Kurosawa|11500000|4384009|In Medieval Japan, an elderly warlord retires, handing over his empire to his three sons. However, he vastly underestimates how the new-found power will corrupt them and cause them to turn o... Read all
Казино|1995|8.2|18+|Docudrama,Epic,Gangster,True Crime,Crime,Drama|United States|Martin Scorsese|52000000|116112375|In Las Vegas, two best friends--a casino executive and a Mafia enforcer--compete for a gambling empire and a fast-living, fast-loving socialite.
Топ Ган. Мэверик|2022|8.2|16+|Action Epic,Epic,Action,Drama|United States|Joseph Kosinski|170000000|1495696292|The story involves Maverick confronting his past while training a group of younger Top Gun graduates, including the son of his deceased best friend, for a dangerous mission.
Старикам тут не место|2007|8.2|16+|Contemporary Western,Psychological Thriller,Serial Killer,Crime,Drama,Thriller|United States|Ethan Coen|25000000|171632777|Violence and mayhem ensue after a hunter stumbles upon the aftermath of a drug deal gone wrong and over two million dollars in cash near the Rio Grande.
Нечто|1982|8.2|18+|Alien Invasion,Body Horror,Monster Horror,Supernatural Horror,Tragedy,Horror,Mystery,Sci-Fi|United States|John Carpenter|15000000|20842105|A research team in Antarctica is hunted by a shape-shifting alien that assumes the appearance of its victims.
Непрощенный|1992|8.2|R|Period Drama,Tragedy,Drama,Western|United States|Clint Eastwood|14400000|159167799|Retired Old West gunslinger Will Munny reluctantly takes on one last job to avenge an injustice with the help of his old partner and a young would-be gunman calling himself The Schofield Ki... Read all
Лабиринт Фавна|2006|8.2|14+|Coming-of-Age,Dark Fantasy,Fairy Tale,Period Drama,Supernatural Fantasy,Teen Fantasy,Tragedy,Drama,Fantasy,War|Mexico|Guillermo del Toro|19000000|83863565|In 1944 Spain, a girl is sent to live with her ruthless stepfather. During the night, she meets a fairy who takes her to an old faun. He tells her she's a princess, but must prove her royalt... Read all
Убить Билла. Фильм 1|2003|8.2|16+|Kung Fu,Martial Arts,One-Person Army Action,Action,Crime,Thriller|United States|Quentin Tarantino|30000000|180908413|After waking from a four-year coma, a former assassin wreaks vengeance on the team of assassins who betrayed her.
Игры разума|2001|8.2|12+|Docudrama,Period Drama,Psychological Drama,Biography,Drama,Mystery|United States|Ron Howard|58000000|316791257|A mathematical genius, John Nash made an astonishing discovery early in his career and stood on the brink of international acclaim. But the handsome and arrogant Nash soon found himself on a... Read all
Пленницы|2013|8.2|16+|Psychological Thriller,Suspense Mystery,Crime,Drama,Mystery,Thriller|United States|Denis Villeneuve|46000000|122127446|A desperate father takes the law into his own hands after police fail to find two kidnapped girls.
Сокровища Сьерра Мадре|1948|8.2|Approved|Tragedy,Adventure,Drama,Western|United States|John Huston|3000000|5014000|Two down-on-their-luck Americans searching for work in 1920s Mexico convince an old prospector to help them mine for gold in the Sierra Madre Mountains.
Телохранитель|1961|8.2|Not Rated|One-Person Army Action,Period Drama,Samurai,Action,Drama,Thriller|Japan|Akira Kurosawa|0|68196|A crafty ronin comes to a town divided by two criminal gangs and decides to play them against each other to free the town.
В поисках Немо|2003|8.2|0+|Animal Adventure,Buddy Comedy,Computer Animation,Quest,Sea Adventure,Adventure,Animation,Comedy,Family|United States|Andrew Stanton|94000000|941637960|After his son is captured in the Great Barrier Reef and taken to Sydney, a timid clownfish sets out on a journey to bring him home.
Ходячий замок|2004|8.2|12+|Adventure Epic,Anime,Hand-Drawn Animation,Supernatural Fantasy,Adventure,Animation,Family,Fantasy|Japan|Hayao Miyazaki|24000000|241534231|When an unconfident young woman is cursed with an old body by a spiteful witch, her only chance of breaking the spell lies with a self-indulgent yet insecure young wizard and his companions ... Read all
Большой побег|1963|8.2|Approved|Epic,Period Drama,Prison Drama,War Epic,Adventure,Drama,Thriller,War|United States|John Sturges|4000000|230637|Allied officers in a German prisoner of war camp during World War II making a daring plan for a mass escape by hundreds of their men, hoping to draw German personnel and resources away from ... Read all
Монти Пайтон и священный Грааль|1975|8.2|PG|Farce,Parody,Quest,Satire,Sketch Comedy,Slapstick,Sword & Sorcery,Adventure,Comedy,Fantasy|United Kingdom|Terry Gilliam|229575|2931902|King Arthur and his Knights of the Round Table embark on a surreal, low-budget search for the Holy Grail, encountering many, very silly obstacles.
The Elephant Man|1980|8.2|14+|Docudrama,Period Drama,Tragedy,Biography,Drama|United States|David Lynch|5000000|26034325|A Victorian surgeon rescues a heavily disfigured man who is mistreated while scraping a living as a side-show freak. Behind his monstrous façade, there is revealed a person of kindness, inte... Read all
В случае убийства набирайте «М»|1954|8.2|16+|Crime,Drama,Mystery,Thriller|United States|Alfred Hitchcock|1400000|45313|A London playboy plots the perfect murder of his rich, unfaithful Wife.
Клаус|2019|8.2|PG|Hand-Drawn Animation,Holiday Animation,Holiday Comedy,Holiday Family,Adventure,Animation,Comedy,Family,Fantasy,Holiday|Spain|Sergio Pablos|40000000|0|A simple act of kindness always sparks another, even in a frozen, faraway place. When Smeerensburg's new postman, Jesper, befriends toymaker Klaus, their gifts melt an age-old feud and deliv... Read all
Унесённые ветром|1939|8.2|G|Costume Drama,Epic,Period Drama,Romantic Epic,Tragic Romance,War Epic,Drama,Romance,War|United States|Victor Fleming|3977000|402382193|A sheltered and manipulative Southern belle and a roguish profiteer face off in a turbulent romance as the society around them crumbles with the end of slavery and is rebuilt during the Civi... Read all
Китайский квартал|1974|8.1|16+|Conspiracy Thriller,Hard-boiled Detective,Psychological Drama,Psychological Thriller,Tragedy,Drama,Mystery,Thriller|United States|Roman Polanski|6000000|29232347|A private detective hired to expose an adulterer in 1930s Los Angeles finds himself caught up in a web of deceit, corruption, and murder.
Тайна в его глазах|2009|8.2|18+|Dark Romance,Erotic Thriller,Legal Thriller,Period Drama,Psychological Drama,Psychological Thriller,Suspense Mystery,Tragedy,Whodunnit,Drama|Argentina|Juan José Campanella|2000000|35079650|A retired legal counselor writes a novel hoping to find closure for one of his past unresolved homicide cases, and for his unreciprocated love with his superior--both of which still haunt hi... Read all
Карты, деньги, два ствола|1998|8.1|18+|Dark Comedy,Farce,Gangster,Heist,Comedy,Crime|United Kingdom|Guy Ritchie|960000|3753929|When four small-time criminals lose a rigged poker game against a London kingpin, he gives them one week to settle their enormous debt.
Расёмон|1950|8.2|Not Rated|Period Drama,Crime,Drama,Mystery|Japan|Akira Kurosawa|250000|139819|The rape of a bride and the murder of her samurai husband are recalled from the perspectives of a bandit, the bride, the samurai's ghost and a woodcutter.
«V» значит Вендетта|2005|8.1|16+|Dystopian Sci-Fi,Political Thriller,Superhero,Action,Drama,Sci-Fi,Thriller|United States|James McTeigue|54000000|134686457|In a future British dystopian society, a shadowy freedom fighter, known only by the alias of V, plots to overthrow the tyrannical government - with the help of a young woman.
Головоломка|2015|8.1|6+|Coming-of-Age,Computer Animation,Farce,Psychological Drama,Adventure,Animation,Comedy,Drama,Family,Fantasy|United States|Pete Docter|175000000|859076254|After young Riley is uprooted from her Midwest life and moved to San Francisco, her emotions - Joy, Fear, Anger, Disgust and Sadness - conflict on how best to navigate a new city, house, and... Read all
Три билборда на границе Эббинга, Миссури|2017|8.1|18+|Dark Comedy,Satire,Comedy,Crime,Drama|United Kingdom|Martin McDonagh|15000000|162729321|A mother personally challenges the local authorities to solve her daughter's murder when they fail to catch the culprit.
Поймай меня, если сможешь|2002|8.1|12+|Caper,Coming-of-Age,Docudrama,Globetrotting Adventure,Period Drama,True Crime,Biography,Crime,Drama|United States|Steven Spielberg|52000000|352114312|Barely 17 yet, Frank is a skilled forger who has passed as a doctor, lawyer and pilot. FBI agent Carl becomes obsessed with tracking down the con man, who only revels in the pursuit.
На игле|1996|8.1|18+|Dark Comedy,Drug Crime,Psychological Drama,Crime,Drama|United Kingdom|Danny Boyle|1500000|16992984|Renton, deeply immersed in the Edinburgh drug scene, tries to clean up and get out despite the allure of drugs and the influence of friends.
Мост через реку Квай|1957|8.1|PG|Jungle Adventure,War Epic,Adventure,Drama,War|United Kingdom|David Lean|3000000|27201366|British POWs are forced to build a railway bridge across the river Kwai for their Japanese captors in occupied Burma, not knowing that the allied forces are planning a daring commando raid t... Read all
Бешеный бык|1980|8.1|16+|Boxing,Docudrama,Period Drama,Biography,Drama,Sport|United States|Martin Scorsese|18000000|23406017|The life of boxer Jake LaMotta, whose violence and temper that led him to the top in the ring destroyed his life outside of it.
Дикий робот|2024|8.2|6+|Animal Adventure,Artificial Intelligence,Computer Animation,Survival,Adventure,Animation,Family,Sci-Fi|United States|Chris Sanders|78000000|334537187|After a shipwreck, an intelligent robot called Roz is stranded on an uninhabited island. To survive the harsh environment, Roz bonds with the island's animals and cares for an orphaned baby ... Read all
Фарго|1996|8.1|16+|Cop Drama,Dark Comedy,Police Procedural,Tragedy,Crime,Drama,Thriller|United Kingdom|Joel Coen|7000000|60611975|Minnesota car salesman Jerry Lundegaard's inept crime falls apart due to his and his henchmen's bungling and the persistent police work of the quite pregnant Marge Gunderson.
Гарри Поттер и Дары смерти: Часть II|2011|8.1|12+|Dark Fantasy,Fantasy Epic,Teen Adventure,Teen Fantasy,Tragedy,Adventure,Family,Fantasy,Mystery|United Kingdom|David Yates|125000000|1342505340|As the battle between the forces of good and evil in the wizarding world escalates, Harry Potter draws ever closer to his final confrontation with Voldemort.
Воин|2011|8.1|12+|Boxing,Action,Drama,Sport|United States|Gavin O'Connor|25000000|23308615|The youngest son of an alcoholic former boxer returns home, where he's trained by his father for competition in a mixed martial arts tournament - a path that puts the fighter on a collision ... Read all
Гран Торино|2008|8.1|16+|Dark Comedy,Psychological Drama,Drama|Germany|Clint Eastwood|33000000|269958228|After a Hmong teenager tries to steal his prized 1972 Gran Torino, a disgruntled, prejudiced Korean War veteran seeks to redeem both the boy and himself.
Малышка на миллион|2004|8.1|16+|Boxing,Psychological Drama,Tragedy,Drama,Sport|United States|Clint Eastwood|30000000|216763646|Frankie, an ill-tempered old coach, reluctantly agrees to train aspiring boxer Maggie. Impressed with her determination and talent, he helps her become the best and the two soon form a close... Read all
Бен-Гур|1959|8.1|0+|Adventure Epic,Epic,Period Drama,Sword & Sandal,Adventure,Drama|United States|William Wyler|15000000|74439376|A Jewish prince is betrayed and sent into slavery by a Roman friend in 1st-century Jerusalem, but it's not long before he regains his freedom and comes back for revenge.
Безумный Макс: Дорога ярости|2015|8.1|16+|Action Epic,Adventure Epic,Car Action,Desert Adventure,Dystopian Sci-Fi,Epic,Quest,Road Trip,Action,Adventure|Australia|George Miller|150000000|380437267|In a post-apocalyptic wasteland, a woman rebels against a tyrannical ruler in search for her homeland with the aid of a group of female prisoners, a psychotic worshipper and a drifter named ... Read all
Мой сосед Тоторо|1988|8.1|0+|Anime,Fairy Tale,Hand-Drawn Animation,Iyashikei,Animation,Comedy,Family,Fantasy|Japan|Hayao Miyazaki|3700000|30433975|When two girls move to the country to be near their ailing mother, they have adventures with the wondrous forest spirits who live nearby.
Барри Линдон|1975|8.1|16+|Adventure Epic,Costume Drama,Dark Comedy,Epic,Globetrotting Adventure,Period Drama,Political Drama,Psychological Drama,Tragedy,Adventure|United Kingdom|Stanley Kubrick|11000000|284426|An Irish rogue wins the heart of a rich widow and assumes her dead husband's aristocratic position in 18th-century England.
Общество мёртвых поэтов|1989|8.1|6+|Coming-of-Age,Teen Drama,Comedy,Drama|United States|Peter Weir|16400000|235860116|Maverick teacher John Keating returns in 1959 to the prestigious New England boys' boarding school where he was once a star student, using poetry to embolden his pupils to new heights of sel... Read all
Дети небес|1997|8.2|PG|Drama,Family,Sport|Iran|Majid Majidi|180000|933933|After a boy loses his sister's pair of shoes, he goes on a series of adventures in order to find them. When he can't, he tries a new way to win a new pair.
По соображениям совести|2016|8.1|18+|Docudrama,Epic,Period Drama,War Epic,Biography,Drama,History,War|United States|Mel Gibson|40000000|180563636|World War II American Army Medic Desmond T. Doss, serving during the Battle of Okinawa, refuses to kill people and becomes the first man in American history to receive the Medal of Honor wit... Read all
Человек-паук: Нет пути домой|2021|8.2|12+|Superhero,Supernatural Fantasy,Urban Adventure,Action,Adventure,Fantasy,Sci-Fi|United States|Jon Watts|200000000|1921426073|With Spider-Man's identity now revealed, Peter asks Doctor Strange for help. When a spell goes wrong, dangerous foes from other worlds start to appear.
Отель «Гранд Будапешт»|2014|8.1|16+|Quirky Comedy,Comedy,Drama|United States|Wes Anderson|25000000|174567384|A writer encounters the owner of an aging high-class hotel, who tells him of his early years serving as a lobby boy in the hotel's glorious years under an exceptional concierge.
12 лет рабства|2013|8.1|16+|Costume Drama,Docudrama,Epic,Period Drama,Psychological Drama,Tragedy,Biography,Drama,History|United Kingdom|Steve McQueen|20000000|187734091|In the antebellum United States, Solomon Northup, a free black man from upstate New York, is abducted and sold into slavery.
Перед рассветом|1995|8.1|R|Comedy,Drama,Romance|United States|Richard Linklater|2500000|6572057|A young man and woman meet on a train in Europe, and wind up spending one evening together in Vienna. Unfortunately, both know that this will probably be their only night together.
Бегущий по лезвию|1982|8.1|14+|Artificial Intelligence,Cyber Thriller,Cyberpunk,Dystopian Sci-Fi,Action,Drama,Sci-Fi,Thriller|United States|Ridley Scott|28000000|41767218|A blade runner must pursue and terminate four replicants who stole a ship in space and have returned to Earth to find their creator.
Воспоминания об убийстве|2003|8.1|18+|Dark Comedy,Police Procedural,Serial Killer,True Crime,Crime,Drama,Mystery,Thriller|South Korea|Bong Joon Ho|2800000|1210763|In a small Korean province in 1986, two detectives struggle with the case of multiple young women being found raped and murdered by an unknown culprit.
Исчезнувшая|2014|8.1|18+|Erotic Thriller,Psychological Drama,Psychological Thriller,Suspense Mystery,Tragedy,Whodunnit,Drama,Mystery,Thriller|United States|David Fincher|61000000|370890259|The husband of a missing woman becomes the chief suspect in her disappearance.
Рататуй|2007|8.1|0+|Animal Adventure,Buddy Comedy,Computer Animation,Satire,Adventure,Animation,Comedy,Family,Fantasy|United States|Brad Bird|150000000|623730087|A rat who can cook makes an unusual alliance with a young kitchen worker at a famous Paris restaurant.
Как приручить дракона|2010|8.1|6+|Computer Animation,Sword & Sorcery,Teen Adventure,Teen Fantasy,Action,Adventure,Animation,Family,Fantasy|United States|Dean DeBlois|165000000|494879860|A hapless young Viking who aspires to hunt dragons becomes the unlikely friend of a young dragon himself, and learns there may be more to the creatures than he assumed.
Корпорация монстров|2001|8.1|6+|Buddy Comedy,Computer Animation,Satire,Supernatural Fantasy,Urban Adventure,Adventure,Animation,Comedy,Family,Fantasy|United States|Pete Docter|115000000|579771043|In order to power the city, monsters have to scare children so that they scream. However, the children are toxic to the monsters, and after a child gets through, two monsters realize things ... Read all
Во имя отца|1993|8.1|16+|Docudrama,Legal Drama,Period Drama,Prison Drama,Tragedy,True Crime,Biography,Crime,Drama|Ireland|Jim Sheridan|13000000|65796862|An Irish man's coerced confession to an I.R.A. bombing he did not commit results in the imprisonment of his father as well. Meanwhile, a British lawyer fights to clear their names and free t... Read all
Челюсти|1975|8.1|16+|Monster Horror,Sea Adventure,Survival,Adventure,Horror,Thriller|United States|Steven Spielberg|7000000|477916625|When a massive killer shark unleashes chaos on a beach community off Long Island, it's up to the local police chief, a marine biologist, and an old seafarer to hunt the beast down.
Дикие истории|2014|8.1|18+|Dark Comedy,Comedy,Drama,Thriller|Argentina|Damián Szifron|3300000|31478893|Six short stories that explore the extremities of human behavior involving people in distress.
Золотая лихорадка|1925|8.1|Approved|Farce,Feel-Good Romance,Romantic Comedy,Satire,Slapstick,Adventure,Comedy,Drama,Romance,Western|United States|Charles Chaplin|923000|68321|A prospector goes to the Klondike during the 1890s gold rush in hopes of making his fortune, and is smitten with a girl he sees in a dance hall.
Шерлок младший|1924|8.2|Passed|Bumbling Detective,Farce,Feel-Good Romance,Slapstick,Action,Comedy,Romance|United States|Buster Keaton|0|399|A film projectionist longs to be a detective, and puts his meagre skills to work when he is framed by a rival for stealing his girlfriend's father's pocketwatch.
Ford против Ferrari|2019|8.1|16+|Car Action,Docudrama,Motorsport,Period Drama,Action,Biography,Drama,Sport|United States|James Mangold|97600000|226299480|American car designer Carroll Shelby and driver Ken Miles battle corporate interference and the laws of physics to build a revolutionary race car for Ford in order to defeat Ferrari at the 2... Read all
Мэри и Макс|2009|8.1|16+|Adult Animation,Coming-of-Age,Dark Comedy,Psychological Drama,Stop Motion Animation,Animation,Comedy,Drama|Australia|Adam Elliot|8240000|1740791|In 1976 Melbourne, a lonely 8-year-old girl strikes up a correspondence with an unlikely pen pal: a severely obese 44-year-old New Yorker with Asperger's syndrome.
Охотник на оленей|1978|8.1|16+|Epic,War Epic,Drama,War|United States|Michael Cimino|15000000|49080312|An in-depth examination of the ways in which the Vietnam War impacts and disrupts the lives of several friends in a small steel mill town in Pennsylvania.
Плата за страх|1953|8.1|Not Rated|Psychological Drama,Survival,Adventure,Drama,Thriller|France|Henri-Georges Clouzot|0|22326|In a decrepit South American village, four men are hired to transport an urgent nitroglycerine shipment without the equipment that would make it safe.
Паровоз Генерал|1926|8.1|Passed|Farce,Slapstick,Action,Adventure,Comedy,Drama,War|United States|Clyde Bruckman|750000|1344|After being rejected by the Confederate military, not realizing it was due to his crucial civilian role, an engineer must single-handedly recapture his beloved locomotive after it is seized ... Read all
Мистер Смит едет в Вашингтон|1939|8.1|12+|Political Drama,Comedy,Drama|United States|Frank Capra|1900000|146123|A naive youth leader is appointed to fill a vacancy in the U.S. Senate. His idealistic plans promptly collide with corruption at home and subterfuge from his hero in Washington, but he tries... Read all
В порту|1954|8.1|Approved|Legal Drama,Legal Thriller,Tragedy,Crime,Drama,Thriller|United States|Elia Kazan|910000|3768|An ex-prize fighter turned New Jersey longshoreman struggles to stand up to his corrupt union bosses, including his older brother, as he starts to connect with the grieving sister of one of ... Read all
Логан|2017|8.1|18+|Dystopian Sci-Fi,Road Trip,Superhero,Action,Drama,Sci-Fi,Thriller|United States|James Mangold|97000000|619180476|In a future where mutants are nearly extinct, an elderly and weary Logan leads a quiet life. But when Laura, a mutant child pursued by scientists, comes to him for help, he must get her to s... Read all
Земляничная поляна|1957|8.1|Not Rated|Psychological Drama,Drama,Romance|Sweden|Ingmar Bergman|0|81070|After living a life marked by coldness, an aging professor is forced to confront the emptiness of his existence.
Рокки|1976|8.1|16+|Boxing,Drama,Sport|United States|John G. Avildsen|960000|117253345|A small-time Philadelphia boxer gets a supremely rare chance to fight the world heavyweight champion in a bout in which he strives to go the distance for his self-respect.
Третий человек|1949|8.1|12+|Film Noir,Hard-boiled Detective,Whodunnit,Drama,Mystery,Thriller|United Kingdom|Carol Reed|0|1421864|Pulp novelist Holly Martins travels to shadowy, postwar Vienna, only to find himself investigating the mysterious death of an old friend, Harry Lime.
Токийская повесть|1953|8.1|Not Rated|Psychological Drama,Drama|Japan|Yasujirô Ozu|0|93881|An old couple visit their children and grandchildren in the city, but receive little attention.
В центре внимания|2015|8.1|18+|Docudrama,Legal Drama,Period Drama,True Crime,Workplace Drama,Biography,Crime,Drama|United States|Tom McCarthy|20000000|98690254|The true story of how the Boston Globe uncovered the massive scandal of child molestation and cover-up within the local Catholic Archdiocese, shaking the entire Catholic Church to its core.
Терминатор|1984|8.1|16+|Artificial Intelligence,Cyberpunk,Dystopian Sci-Fi,Time Travel,Urban Adventure,Action,Adventure,Sci-Fi|United Kingdom|James Cameron|6400000|78371200|A cyborg assassin from the future attempts to find and kill a young woman who is destined to give birth to a warrior that will lead a resistance to save humankind from extinction.
Пираты Карибского моря: Проклятие Чёрной жемчужины|2003|8.1|12+|Sea Adventure,Supernatural Fantasy,Swashbuckler,Sword & Sandal,Action,Adventure,Fantasy|United States|Gore Verbinski|140000000|654264546|Blacksmith Will Turner teams up with eccentric pirate Captain Jack Sparrow to save Elizabeth Swann, the governor's daughter and his love, from Jack's former pirate allies, who are now unde... Read all
Большой Лебовски|1998|8.1|18+|Buddy Comedy,Drug Crime,Satire,Stoner Comedy,Comedy,Crime|United Kingdom|Joel Coen|15000000|48261691|Jeff The Dude Lebowski, mistaken for a millionaire of the same name, seeks restitution for his ruined rug and enlists his bowling buddies to help get it.
Махараджа|2024|8.4||One-Person Army Action,Action,Crime,Drama,Thriller|India|Nithilan Saminathan|200000000|975543|A barber seeks vengeance after his home is burglarized, cryptically telling police his lakshmi has been taken, leaving them uncertain if it's a person or object. His quest to recover the e... Read all
Седьмая печать|1957|8.1|16+|Psychological Drama,Drama,Fantasy|Sweden|Ingmar Bergman|150000|312104|A knight returning to Sweden after the Crusades seeks answers about life, death, and the existence of God as he plays chess against the Grim Reaper during the Black Plague.
Ненависть|1995|8.1|18+|Gangster,Psychological Drama,Crime,Drama|France|Mathieu Kassovitz|2590000|760851|24 hours in the lives of three young men in the French suburbs the day after a violent riot.
Комната|2015|8.1|18+|Psychological Drama,Drama,Thriller|Ireland|Lenny Abrahamson|13000000|35402766|A little boy is held captive in a room with his mother since his birth, so he has never known the world outside.
Да прольётся свет|2021|8.6|Approved|Legal Drama,Crime,Drama|India|T.J. Gnanavel|0|0|When a tribal man is arrested for a case of alleged theft, his wife turns to a human-rights lawyer to help bring justice.
Отель «Руанда»|2004|8.1|PG-13|Docudrama,Epic,Biography,Drama,History,War|United States|Terry George|17500000|33882243|Paul Rusesabagina, a hotel manager, houses over a thousand Tutsi refugees during their struggle against the Hutu militia in Rwanda, Africa.
Взвод|1986|8.1|16+|Drama,War|United States|Oliver Stone|6000000|138546255|Chris Taylor, a neophyte recruit in Vietnam, finds himself caught in a battle of wills between two sergeants, one good and the other evil. A shrewd examination of the brutality of war and th... Read all
Лучшие годы нашей жизни|1946|8.1|Approved|Epic,Feel-Good Romance,Drama,Romance,War|United States|William Wyler|2100000|23667133|Three World War II veterans, two of them traumatized or disabled, return home to the American Midwest to discover that they and their families have been irreparably changed.
Перед закатом|2004|8.1|16+|Feel-Good Romance,Drama,Romance|France|Richard Linklater|2700000|16506532|Nine years after Jesse and Celine first met, they encounter each other again on the French leg of Jesse's book tour.
Звуки музыки|1965|8.1|0+|Classic Musical,Epic,Period Drama,Biography,Drama,Family,Musical,Romance|United States|Robert Wise|8200000|159500547|A young novice is sent by her convent in 1930s Austria to become a governess to the seven children of a widowed naval officer.
Изгоняющий дьявола|1973|8.1|18+|Body Horror,Psychological Drama,Psychological Horror,Supernatural Horror,Tragedy,Horror|United States|William Friedkin|11000000|430872776|When a mysterious entity possesses a young girl, her mother seeks the help of two Catholic priests to save her life.
Суперсемейка|2004|8.0|12+|Computer Animation,Superhero,Action,Adventure,Animation,Family|United States|Brad Bird|92000000|631688498|While trying to lead a quiet suburban life, a family of undercover superheroes are forced into action to save the world.
Волшебник страны Оз|1939|8.1|0+|Adventure Epic,Classic Musical,Fairy Tale,Fantasy Epic,Quest,Adventure,Family,Fantasy,Musical|United States|Victor Fleming|2777000|25637669|Young Dorothy Gale and her dog Toto are swept away by a tornado from their Kansas farm to the magical Land of Oz and embark on a quest with three new friends to see the Wizard, who can retur... Read all
Хатико: самый верный друг|2009|8.1|0+|Animal Adventure,Biography,Drama,Family|United Kingdom|Lasse Hallström|16000000|46749646|Professor Wilson discovers a lost Akita puppy on his way home. Despite objections from his wife, Hachi endears himself to the family and grows to be Parker's loyal companion. As their bond g... Read all
Гонка|2013|8.1|R|Docudrama,Motorsport,Period Drama,Biography,Drama,Sport|United Kingdom|Ron Howard|38000000|93294128|James Hunt and Niki Lauda, two extremely skilled Formula One racers, have an intense rivalry with each other. However, it is their enmity that pushes them to their limits.
Страсти Жанны д'Арк|1928|8.1|Passed|Costume Drama,Legal Drama,Period Drama,Psychological Drama,Tragedy,Biography,Drama,History|France|Carl Theodor Dreyer|0|22731|In 1431, Jeanne d'Arc is placed on trial on charges of heresy, and the ecclesiastical jurists attempt to force her to recant her claims of holy visions.
Останься со мной|1986|8.1|R|Coming-of-Age,Dark Comedy,Quest,Adventure,Comedy,Drama|United States|Rob Reiner|8000000|53525035|A writer recounts a childhood journey with his friends to find the body of a missing boy.
Мой отец и мой сын|2005|8.2|Not Rated|Coming-of-Age,Political Drama,Drama,Family|Turkey|Çagan Irmak|0|18612999|The family of a left-wing journalist is torn apart after the military coup of Turkey in 1980.
Форма голоса|2016|8.1|12+|Anime,Coming-of-Age,Hand-Drawn Animation,Psychological Drama,Shōnen,Slice of Life,Animation,Drama|Japan|Naoko Yamada|0|30819442|A deaf girl, Shoko, is bullied by the popular Shoya. As Shoya continues to bully Shoko, the class turns its back on him. Shoko transfers and Shoya grows up as an outcast. Alone and depressed... Read all
Стальной гигант|1999|8.1|0+|Alien Invasion,Artificial Intelligence,Buddy Comedy,Hand-Drawn Animation,High-Concept Comedy,Kaiju,Space Sci-Fi,Action,Adventure,Animation|United States|Brad Bird|70000000|23339506|A young boy befriends a giant robot from outer space that a paranoid government agent wants to destroy.
Телесеть|1976|8.1|16+|Dark Comedy,Workplace Drama,Drama|United States|Sidney Lumet|3800000|23701317|A television network cynically exploits a deranged former anchor's ravings and revelations about mass media for its own profit, but finds that his message may be difficult to control.
Служанка|2016|8.1|18+|Dark Romance,Erotic Thriller,Psychological Thriller,Steamy Romance,Drama,Romance,Thriller|South Korea|Park Chan-wook|10000000000|37863670|In 1930s Korea, a girl is hired as a handmaiden to a Japanese heiress who lives a secluded life on a countryside estate. But the maid has a secret: She is a pickpocket recruited by a swindle... Read all
Битва за Алжир|1966|8.1|Not Rated|Docudrama,Political Drama,Drama,War|Italy|Gillo Pontecorvo|800000|962002|In the 1950s, fear and violence escalate as the people of Algiers fight for independence from the French government.
Гроздья гнева|1940|8.1|(Banned)|Period Drama,Tragedy,Drama|United States|John Ford|800000|7304|An Oklahoma family, driven off their farm by the poverty and hopelessness of the Dust Bowl, joins the westward migration to California, suffering the misfortunes of the homeless in the Great... Read all
Быть или не быть|1942|8.1|Approved|Screwball Comedy,Comedy,Romance,War|United States|Ernst Lubitsch|0|4578000|During the German occupation of Poland, an acting troupe becomes embroiled in a Polish soldier's efforts to track down a German spy.
В диких условиях|2007|8.0|16+|Coming-of-Age,Docudrama,Road Trip,Survival,Tragedy,Adventure,Biography,Drama|United States|Sean Penn|15000000|56676733|After graduating from Emory University, top student and athlete Christopher McCandless abandons his possessions, gives his entire $24,000 savings account to charity and hitchhikes to Alaska ... Read all
День сурка|1993|8.0|12+|Feel-Good Romance,High-Concept Comedy,Holiday Comedy,Holiday Romance,Romantic Comedy,Comedy,Drama,Fantasy,Romance|United States|Harold Ramis|14600000|71108778|A narcissistic, self-centered weatherman finds himself in a time loop on Groundhog Day.
Прислуга|2011|8.1|PG-13|Period Drama,Drama|United States|Tate Taylor|25000000|221802186|An aspiring author during the civil rights movement of the 1960s decides to write a book detailing the African American maids' point of view on the white families for which they work, and th... Read all
Банды Вассейпура|2012|8.2|Not Rated|Gangster,Satire,True Crime,Action,Comedy,Crime,Drama,Thriller|India|Anurag Kashyap|184000000|4384642|A clash between Sultan and Shahid Khan leads to the expulsion of Khan from Wasseypur, and ignites a deadly blood feud spanning three generations.
Видимость|2015|8.2|Not Rated|Suspense Mystery,Crime,Drama,Mystery,Thriller|India|Nishikant Kamat|9400000|0|Desperate measures are taken by a man who tries to save his family from the dark side of the law, after they commit an unexpected crime.
Стреляйте в пианиста|2018|8.2|Not Rated|Conspiracy Thriller,Psychological Thriller,Crime,Mystery,Thriller|India|Sriram Raghavan|4500000|62475342|A series of mysterious events change the life of a blind pianist, who must now report a crime that he should technically know nothing of.
Сука любовь|2000|8.0|16+|Tragedy,Drama,Thriller|Mexico|Alejandro G. Iñárritu|2000000|20908467|An amateur dog fighter, a supermodel, and a derelict assassin, all separately struggling to find love, find their lives transformed by a devastating car wreck in Mexico City.
